{
	"credit": "Made with Blockbench",
	"parent": "minecraft:book",
	"texture_size": [32, 32],
	"textures": {
		"0": "custom/lovphone"
	},
	"elements": [
		{
			"name": "カメラ右",
			"from": [6.5, 0.5, 12.5],
			"to": [8.5, 1, 14.5],
			"faces": {
				"north": {"uv": [14, 12, 16, 12.5], "texture": "#0"},
				"east": {"uv": [14, 12, 16, 12.5], "texture": "#0"},
				"south": {"uv": [14, 12, 16, 12.5], "texture": "#0"},
				"west": {"uv": [14, 12, 16, 13], "texture": "#0"},
				"up": {"uv": [14, 14, 16, 16], "texture": "#0"},
				"down": {"uv": [14, 10, 16, 12], "texture": "#0"}
			}
		},
		{
			"name": "カメラ上",
			"from": [4.5, 0.5, 13.5],
			"to": [6.5, 1, 15.5],
			"faces": {
				"north": {"uv": [14, 12, 16, 12.5], "texture": "#0"},
				"east": {"uv": [14, 12, 16, 12.5], "texture": "#0"},
				"south": {"uv": [14, 12, 16, 12.5], "texture": "#0"},
				"west": {"uv": [14, 12, 16, 13], "texture": "#0"},
				"up": {"uv": [14, 14, 16, 16], "texture": "#0"},
				"down": {"uv": [14, 10, 16, 12], "texture": "#0"}
			}
		},
		{
			"name": "カメラ下",
			"from": [4.5, 0.5, 11.5],
			"to": [6.5, 1, 13.5],
			"faces": {
				"north": {"uv": [14, 12, 16, 12.5], "texture": "#0"},
				"east": {"uv": [14, 12, 16, 12.5], "texture": "#0"},
				"south": {"uv": [14, 12, 16, 12.5], "texture": "#0"},
				"west": {"uv": [14, 12, 16, 13], "texture": "#0"},
				"up": {"uv": [14, 14, 16, 16], "texture": "#0"},
				"down": {"uv": [14, 10, 16, 12], "texture": "#0"}
			}
		},
		{
			"name": "枠右",
			"from": [4, 1, 0.5],
			"to": [4.5, 2, 15.5],
			"faces": {
				"north": {"uv": [14.5, 14.5, 16, 16], "texture": "#0"},
				"east": {"uv": [15, 14.5, 16, 16], "texture": "#0"},
				"south": {"uv": [14.5, 14.5, 16, 16], "texture": "#0"},
				"west": {"uv": [15, 14.5, 16, 16], "texture": "#0"},
				"up": {"uv": [14.5, 14, 16, 16], "texture": "#0"},
				"down": {"uv": [16, 14, 14.5, 16], "texture": "#0"}
			}
		},
		{
			"name": "枠左",
			"from": [11.5, 1, 0.5],
			"to": [12, 2, 15.5],
			"faces": {
				"north": {"uv": [14.5, 14.5, 16, 16], "texture": "#0"},
				"east": {"uv": [15, 14.5, 16, 16], "texture": "#0"},
				"south": {"uv": [14.5, 14.5, 16, 16], "texture": "#0"},
				"west": {"uv": [15, 14.5, 16, 16], "texture": "#0"},
				"up": {"uv": [14.5, 14, 16, 16], "texture": "#0"},
				"down": {"uv": [16, 14, 14.5, 16], "texture": "#0"}
			}
		},
		{
			"name": "枠上",
			"from": [4.5, 1, 15.5],
			"to": [11.5, 2, 16],
			"faces": {
				"north": {"uv": [14.5, 14.5, 16, 16], "texture": "#0"},
				"east": {"uv": [15, 14.5, 16, 16], "texture": "#0"},
				"south": {"uv": [14.5, 14.5, 16, 16], "texture": "#0"},
				"west": {"uv": [15, 14.5, 16, 16], "texture": "#0"},
				"up": {"uv": [14.5, 14, 16, 16], "texture": "#0"},
				"down": {"uv": [16, 14, 14.5, 16], "texture": "#0"}
			}
		},
		{
			"name": "枠下",
			"from": [4.5, 1, 0],
			"to": [11.5, 2, 0.5],
			"faces": {
				"north": {"uv": [14.5, 14.5, 16, 16], "texture": "#0"},
				"east": {"uv": [15, 14.5, 16, 16], "texture": "#0"},
				"south": {"uv": [14.5, 14.5, 16, 16], "texture": "#0"},
				"west": {"uv": [15, 14.5, 16, 16], "texture": "#0"},
				"up": {"uv": [14.5, 14, 16, 16], "texture": "#0"},
				"down": {"uv": [16, 14, 14.5, 16], "texture": "#0"}
			}
		},
		{
			"name": "画面メイン",
			"from": [4.5, 1, 0.5],
			"to": [11.5, 2, 14.5],
			"rotation": {"angle": 0, "axis": "y", "origin": [0, 16, 0]},
			"faces": {
				"up": {"uv": [7, 1, 14, 15], "rotation": 180, "texture": "#0"},
				"down": {"uv": [0, 1, 7, 15], "texture": "#0"}
			}
		},
		{
			"name": "右上",
			"from": [10, 1, 15],
			"to": [11.5, 2, 15.5],
			"rotation": {"angle": 0, "axis": "y", "origin": [0, 16, 0]},
			"faces": {
				"up": {"uv": [7, 0, 8.5, 0.5], "rotation": 180, "texture": "#0"},
				"down": {"uv": [5.5, 0, 7, 0.5], "texture": "#0"}
			}
		},
		{
			"name": "左上",
			"from": [4.5, 1, 15],
			"to": [6, 2, 15.5],
			"rotation": {"angle": 0, "axis": "y", "origin": [0, 16, 0]},
			"faces": {
				"up": {"uv": [12.5, 0, 14, 0.5], "rotation": 180, "texture": "#0"},
				"down": {"uv": [0, 0, 1.5, 0.5], "texture": "#0"}
			}
		},
		{
			"name": "右下",
			"from": [9.5, 1, 14.5],
			"to": [11.5, 2, 15],
			"rotation": {"angle": 0, "axis": "y", "origin": [0, 16, 0]},
			"faces": {
				"up": {"uv": [7, 0.5, 9, 1], "rotation": 180, "texture": "#0"},
				"down": {"uv": [5, 0.5, 7, 1], "texture": "#0"}
			}
		},
		{
			"name": "左下",
			"from": [4.5, 1, 14.5],
			"to": [6.5, 2, 15],
			"rotation": {"angle": 0, "axis": "y", "origin": [0, 16, 0]},
			"faces": {
				"up": {"uv": [12, 0.5, 14, 1], "rotation": 180, "texture": "#0"},
				"down": {"uv": [0, 0.5, 2, 1], "texture": "#0"}
			}
		},
		{
			"name": "のっち上",
			"from": [6, 1, 15],
			"to": [10, 2, 15.5],
			"faces": {
				"up": {"uv": [14.5, 14, 16, 16], "texture": "#0"},
				"down": {"uv": [1.5, 0, 5.5, 0.5], "texture": "#0"}
			}
		},
		{
			"name": "のっち下",
			"from": [6.5, 1, 14.5],
			"to": [9.5, 2, 15],
			"faces": {
				"up": {"uv": [14.5, 14, 16, 16], "texture": "#0"},
				"down": {"uv": [2, 0.5, 5, 1], "texture": "#0"}
			}
		}
	],
	"display": {
		"thirdperson_righthand": {
			"rotation": [-90, 0, -180],
			"translation": [-1, 1.25, 3.25],
			"scale": [0.5, 0.5, 0.5]
		},
		"thirdperson_lefthand": {
			"rotation": [-90, 0, -180],
			"translation": [-1, 1.25, 3.25],
			"scale": [0.5, 0.5, 0.5]
		},
		"firstperson_righthand": {
			"rotation": [-90, 0, -180],
			"translation": [5, 0, 0]
		},
		"firstperson_lefthand": {
			"rotation": [-90, 0, -180],
			"translation": [5, 0, 0]
		},
		"ground": {
			"rotation": [-180, 0, 0],
			"translation": [0, -5, 0],
			"scale": [0.5, 0.5, 0.5]
		},
		"gui": {
			"rotation": [-111, 8, -180],
			"translation": [0, 2, 0],
			"scale": [0.9, 0.9, 0.9]
		},
		"head": {
			"rotation": [-90, 0, 90],
			"translation": [4.5, -0.75, -1.75],
			"scale": [0.5, 0.5, 0.5]
		},
		"fixed": {
			"rotation": [-90, 0, 0],
			"translation": [0, 0, -6.75]
		}
	},
	"groups": [
		{
			"name": "カメラ",
			"origin": [0, 0, 0],
			"color": 0,
			"children": [0, 1, 2]
		},
		{
			"name": "枠",
			"origin": [8, 8, 8],
			"color": 0,
			"children": [3, 4, 5, 6]
		},
		{
			"name": "画面",
			"origin": [8, 8, 8],
			"color": 0,
			"children": [7, 8, 9, 10, 11]
		},
		12,
		13
	]
}